{
  "from": 0,
  "size": 2,
  "query": {
    "bool": {
      "must": [
        {
          "match": {
            "skuTitle": {
              "query": "华为",
              "operator": "OR",
              "prefix_length": 0,
              "max_expansions": 50,
              "fuzzy_transpositions": true,
              "lenient": false,
              "zero_terms_query": "NONE",
              "auto_generate_synonyms_phrase_query": true,
              "boost": 1.0
            }
          }
        }
      ],
      "filter": [
        {
          "nested": {
            "query": {
              "bool": {
                "must": [
                  {
                    "term": {
                      "attrs.attrId": {
                        "value": "12",
                        "boost": 1.0
                      }
                    }
                  },
                  {
                    "terms": {
                      "attrs.attrValue": [
                        "海思(Hisilicon)",
                        "流光幻镜"
                      ],
                      "boost": 1.0
                    }
                  }
                ],
                "adjust_pure_negative": true,
                "boost": 1.0
              }
            },
            "path": "attrs",
            "ignore_unmapped": false,
            "score_mode": "none",
            "boost": 1.0
          }
        },
        {
          "nested": {
            "query": {
              "bool": {
                "must": [
                  {
                    "term": {
                      "attrs.attrId": {
                        "value": "8",
                        "boost": 1.0
                      }
                    }
                  },
                  {
                    "terms": {
                      "attrs.attrValue": [
                        "5nm"
                      ],
                      "boost": 1.0
                    }
                  }
                ],
                "adjust_pure_negative": true,
                "boost": 1.0
              }
            },
            "path": "attrs",
            "ignore_unmapped": false,
            "score_mode": "none",
            "boost": 1.0
          }
        },
        {
          "term": {
            "hasStock": {
              "value": true,
              "boost": 1.0
            }
          }
        },
        {
          "range": {
            "skuPrice": {
              "from": "6000",
              "to": null,
              "include_lower": true,
              "include_upper": true,
              "boost": 1.0
            }
          }
        }
      ],
      "adjust_pure_negative": true,
      "boost": 1.0
    }
  },
  "aggregations": {
    "brand_agg": {
      "terms": {
        "field": "brandId",
        "size": 50,
        "min_doc_count": 1,
        "shard_min_doc_count": 0,
        "show_term_doc_count_error": false,
        "order": [
          {
            "_count": "desc"
          },
          {
            "_key": "asc"
          }
        ]
      },
      "aggregations": {
        "brand_name_agg": {
          "terms": {
            "field": "brandName",
            "size": 1,
            "min_doc_count": 1,
            "shard_min_doc_count": 0,
            "show_term_doc_count_error": false,
            "order": [
              {
                "_count": "desc"
              },
              {
                "_key": "asc"
              }
            ]
          }
        },
        "brand_img_agg": {
          "terms": {
            "field": "brandImg",
            "size": 1,
            "min_doc_count": 1,
            "shard_min_doc_count": 0,
            "show_term_doc_count_error": false,
            "order": [
              {
                "_count": "desc"
              },
              {
                "_key": "asc"
              }
            ]
          }
        }
      }
    },
    "catalog_agg": {
      "terms": {
        "field": "catalogId",
        "size": 20,
        "min_doc_count": 1,
        "shard_min_doc_count": 0,
        "show_term_doc_count_error": false,
        "order": [
          {
            "_count": "desc"
          },
          {
            "_key": "asc"
          }
        ]
      },
      "aggregations": {
        "catalog_name_agg": {
          "terms": {
            "field": "catalogName",
            "size": 1,
            "min_doc_count": 1,
            "shard_min_doc_count": 0,
            "show_term_doc_count_error": false,
            "order": [
              {
                "_count": "desc"
              },
              {
                "_key": "asc"
              }
            ]
          }
        }
      }
    },
    "attr_agg": {
      "nested": {
        "path": "attrs"
      },
      "aggregations": {
        "attr_id_agg": {
          "terms": {
            "field": "attrs.attrId",
            "size": 10,
            "min_doc_count": 1,
            "shard_min_doc_count": 0,
            "show_term_doc_count_error": false,
            "order": [
              {
                "_count": "desc"
              },
              {
                "_key": "asc"
              }
            ]
          },
          "aggregations": {
            "attr_name_agg": {
              "terms": {
                "field": "attrs.attrName",
                "size": 1,
                "min_doc_count": 1,
                "shard_min_doc_count": 0,
                "show_term_doc_count_error": false,
                "order": [
                  {
                    "_count": "desc"
                  },
                  {
                    "_key": "asc"
                  }
                ]
              }
            },
            "attr_value_agg": {
              "terms": {
                "field": "attrs.attrValue",
                "size": 50,
                "min_doc_count": 1,
                "shard_min_doc_count": 0,
                "show_term_doc_count_error": false,
                "order": [
                  {
                    "_count": "desc"
                  },
                  {
                    "_key": "asc"
                  }
                ]
              }
            }
          }
        }
      }
    }
  },
  "highlight": {
    "pre_tags": [
      "<b style='color:red'>"
    ],
    "post_tags": [
      "</b>"
    ],
    "fields": {
      "skuTitle": {}
    }
  }
}
