<?xml version="1.0" encoding="UTF-8"?>
<!DOCTYPE mapper PUBLIC "-//mybatis.org//DTD Mapper 3.0//EN" "http://mybatis.org/dtd/mybatis-3-mapper.dtd">

<mapper namespace="com.bj.inventory.dao.WareSkuDao">

    <!-- 可根据自己的需求，是否要使用 -->
    <resultMap type="com.bj.inventory.entity.WareSkuEntity" id="wareSkuMap">
        <result property="id" column="id"/>
        <result property="skuId" column="sku_id"/>
        <result property="wareId" column="ware_id"/>
        <result property="stock" column="stock"/>
        <result property="skuName" column="sku_name"/>
        <result property="stockLocked" column="stock_locked"/>
    </resultMap>

    <!-- 批量更新，通过接收传进来的参数list进行循环组装sql -->
    <update id="updateBatch" parameterType="java.util.List">
        <foreach collection="list" item="item" index="index" open="" close="" separator=";">
            update `wms_ware_sku`
            <set>
                <if test="item.stock != null">
                    stock=#{item.stock,jdbcType=INTEGER},
                </if>
            </set>
            where sku_id=#{item.skuId,jdbcType=BIGINT}
            and ware_id=#{item.wareId,jdbcType=BIGINT}
        </foreach>
    </update>
    <select id="getSkuStock" resultType="Long">
    SELECT SUM(stock-stock_locked) FROM wms_ware_sku WHERE sku_id=#{skuId}
    </select>

    <select id="listWareIdHasSkuStock" resultType="java.lang.Long">
        SELECT ware_id FROM `wms_ware_sku` WHERE sku_id = #{skuId} AND stock - stock_locked > 0
    </select>

    <update id="lockSkuStock">
        UPDATE `wms_ware_sku` SET stock_locked = stock_locked + #{num}
        WHERE sku_id = #{skuId} AND ware_id = #{wareId} AND stock-stock_locked >= #{num}
    </update>
</mapper>