<?xml version="1.0" encoding="UTF-8"?>
<!DOCTYPE mapper PUBLIC "-//mybatis.org//DTD Mapper 3.0//EN" "http://mybatis.org/dtd/mybatis-3-mapper.dtd">

<mapper namespace="com.bj.product.dao.CategoryBrandRelationDao">

	<!-- 可根据自己的需求，是否要使用 -->
    <resultMap type="com.bj.product.entity.CategoryBrandRelationEntity" id="categoryBrandRelationMap">
        <result property="id" column="id"/>
        <result property="brandId" column="brand_id"/>
        <result property="catelogId" column="catelog_id"/>
        <result property="brandName" column="brand_name"/>
        <result property="catelogName" column="catelog_name"/>
    </resultMap>

    <select id="getBrandsByCatId" resultType="com.bj.product.entity.BrandEntity">
        SELECT pb.* FROM pms_category_brand_relation pcb JOIN pms_brand pb ON pcb.`brand_id`=pb.`brand_id`
        <where>
            <if test="catId != null and catId != ''">
                pcb.`catelog_id`= #{catId}
            </if>
        </where>
    </select>
</mapper>