<?xml version="1.0" encoding="UTF-8"?>
<!DOCTYPE mapper PUBLIC "-//mybatis.org//DTD Mapper 3.0//EN" "http://mybatis.org/dtd/mybatis-3-mapper.dtd">

<mapper namespace="com.bj.product.dao.ProductAttrValueDao">

	<!-- 可根据自己的需求，是否要使用 -->
    <resultMap type="com.bj.product.entity.ProductAttrValueEntity" id="productAttrValueMap">
        <result property="id" column="id"/>
        <result property="spuId" column="spu_id"/>
        <result property="attrId" column="attr_id"/>
        <result property="attrName" column="attr_name"/>
        <result property="attrValue" column="attr_value"/>
        <result property="attrSort" column="attr_sort"/>
        <result property="quickShow" column="quick_show"/>
    </resultMap>
    <!-- 批量更新，通过接收传进来的参数list进行循环组装sql -->
    <update id="updateBatchBySpuId">
        <foreach collection="attrValueEntities" item="item" index="index" open="" close="" separator=";">
            update `pms_product_attr_value`
            <set>
                attr_value=#{item.attrValue},
                quick_show=#{item.quickShow}
            </set>
            where spu_id=#{spuId,jdbcType=BIGINT}
            and attr_id=#{item.attrId}
        </foreach>
    </update>

</mapper>