<?xml version="1.0" encoding="UTF-8"?>
<!DOCTYPE mapper PUBLIC "-//mybatis.org//DTD Mapper 3.0//EN" "http://mybatis.org/dtd/mybatis-3-mapper.dtd">

<mapper namespace="com.bj.product.dao.SkuInfoDao">

	<!-- 可根据自己的需求，是否要使用 -->
    <resultMap type="com.bj.product.entity.SkuInfoEntity" id="skuInfoMap">
        <result property="skuId" column="sku_id"/>
        <result property="spuId" column="spu_id"/>
        <result property="skuName" column="sku_name"/>
        <result property="skuDesc" column="sku_desc"/>
        <result property="catalogId" column="catalog_id"/>
        <result property="brandId" column="brand_id"/>
        <result property="skuDefaultImg" column="sku_default_img"/>
        <result property="skuTitle" column="sku_title"/>
        <result property="skuSubtitle" column="sku_subtitle"/>
        <result property="price" column="price"/>
        <result property="saleCount" column="sale_count"/>
    </resultMap>

    <resultMap id="saleAttr" type="com.bj.product.vo.ItemSaleAttrVo">
        <result column="attr_id" property="attrId"></result>
        <result column="attr_name" property="attrName"></result>
        <collection property="attrValues" ofType="com.bj.product.vo.AttrValueWithSkuIdVo">
            <result property="attrValue" column="attr_value"></result>
            <result property="skuIds" column="skuIds"></result>
        </collection>
    </resultMap>

    <select id="getSaleAttrVosBySpuId" resultMap="saleAttr">
        SELECT sav.attr_id, sav.attr_name,
        sav.attr_value ,
        GROUP_CONCAT( psi.sku_id) AS skuIds
        FROM pms_sku_info psi
        LEFT JOIN pms_sku_sale_attr_value sav
        ON sav.sku_id=psi.sku_id
        <where>
            <if test="spuId != null and spuId != ''">
                and psi.`spu_id` = #{spuId}
            </if>
        </where>
        GROUP BY sav.attr_id, sav.attr_name,sav.attr_value
    </select>
</mapper>